user_id,username,date_joined
1,Liam,7/23/17
2,Noah,5/1/19
3,Oliver,8/30/19
4,William,11/11/19
5,Elijah,6/12/18
6,James,12/12/19
7,Benjamin,12/24/19
8,Lucas,10/1/18
9,Mason,1/1/19
10,Ethan,2/4/19
11,Alexander,9/20/17
12,Henry,9/21/17
13,Jacob,3/7/17
14,Michael,10/8/17
15,Daniel,6/8/18
16,Logan,8/8/17
17,Jackson,7/9/18
18,Sebastian,3/3/18
19,Jack,5/26/17
20,Aiden,1/13/18
21,Owen,11/3/19
22,Samuel,11/19/18
23,Matthew,11/10/18
24,Joseph,11/4/17
25,Levi,7/26/19
26,Mateo,5/7/18
27,David,10/28/18
28,John,3/11/18
29,Wyatt,9/21/19
30,Carter,4/28/18
31,Julian,11/24/19
32,Luke,4/2/19
33,Grayson,3/27/19
34,Isaac,8/26/18
35,Jayden,1/11/18
36,Theodore,1/3/19
37,Gabriel,8/5/17
38,Anthony,1/8/17
39,Dylan,12/14/19
40,Leo,9/20/18
41,Lincoln,5/12/19
42,Jaxon,6/15/18
43,Asher,3/31/17
44,Christopher,6/29/19
45,Josiah,9/20/17
46,Andrew,4/14/19
47,Thomas,5/14/17
48,Joshua,6/23/18
49,Ezra,11/8/18
50,Hudson,7/4/18
51,Charles,5/23/17
52,Caleb,1/2/19
53,Isaiah,3/30/17
54,Ryan,1/13/17
55,Nathan,1/4/19
56,Adrian,7/18/17
57,Christian,1/10/18
58,Maverick,7/12/19
59,Colton,7/25/18
60,Elias,12/18/19
61,Aaron,10/28/19
62,Eli,2/22/18
63,Landon,1/23/17
64,Jonathan,10/12/19
65,Nolan,1/23/18
66,Hunter,9/23/17
67,Cameron,4/4/19
68,Connor,5/31/19
69,Santiago,8/19/18
70,Jeremiah,7/29/19
71,Ezekiel,7/22/17
72,Angel,9/10/18
73,Roman,11/1/19
74,Easton,2/3/19
75,Miles,11/16/17
76,Robert,3/2/18
77,Jameson,4/9/19
78,Nicholas,9/22/18
79,Greyson,11/21/19
80,Cooper,1/21/17
81,Ian,1/21/17
82,Carson,7/17/18
83,Axel,6/25/19
84,Jaxson,5/8/19
85,Dominic,4/19/18
86,Leonardo,10/15/19
87,Luca,11/1/19
88,Austin,7/8/19
89,Jordan,1/1/18
90,Adam,2/2/19
91,Xavier,1/15/18
92,Jose,3/7/17
93,Jace,4/10/18
94,Everett,11/22/17
95,Declan,11/16/17
96,Evan,4/21/18
97,Kayden,12/14/17
98,Parker,4/24/19
99,Wesley,9/13/18
100,Kai,4/6/17
101,Olivia,2/14/18
102,Emma,1/26/19
103,Ava,4/1/17
104,Sophia,7/23/19
105,Isabella,4/11/19
106,Charlotte,5/8/18
107,Amelia,1/2/19
108,Mia,10/9/17
109,Harper,5/24/19
110,Evelyn,11/13/19
111,Abigail,7/15/19
112,Emily,4/12/18
113,Ella,8/4/17
114,Elizabeth,1/31/19
115,Camila,11/19/19
116,Luna,11/26/17
117,Sofia,12/7/19
118,Avery,1/3/19
119,Mila,7/3/19
120,Aria,9/15/17
121,Scarlett,2/23/17
122,Penelope,9/21/19
123,Layla,5/17/18
124,Chloe,7/21/19
125,Victoria,2/27/17
126,Madison,8/12/17
127,Eleanor,2/17/19
128,Grace,6/14/19
129,Nora,12/31/19
130,Riley,8/25/17
131,Zoey,9/29/19
132,Hannah,6/12/19
133,Hazel,9/25/19
134,Lily,2/8/19
135,Ellie,5/28/19
136,Violet,4/21/17
137,Lillian,7/2/19
138,Zoe,1/8/19
139,Stella,11/9/19
140,Aurora,4/2/17
141,Natalie,9/17/19
142,Emilia,6/3/17
143,Everly,11/4/19
144,Leah,5/6/18
145,Aubrey,9/7/19
146,Willow,9/23/19
147,Addison,5/27/19
148,Lucy,4/17/19
149,Audrey,4/23/18
150,Bella,11/19/17
151,Nova,10/19/19
152,Brooklyn,8/10/17
153,Paisley,6/2/19
154,Savannah,11/6/19
155,Claire,1/18/19
156,Skylar,6/21/18
157,Isla,6/14/19
158,Genesis,11/13/18
159,Naomi,2/12/19
160,Elena,9/24/17
161,Caroline,3/30/19
162,Eliana,4/2/17
163,Anna,7/6/19
164,Maya,12/6/17
165,Valentina,6/18/17
166,Ruby,1/9/19
167,Kennedy,7/23/17
168,Ivy,2/6/17
169,Ariana,2/1/19
170,Aaliyah,11/8/17
171,Cora,9/24/18
172,Madelyn,7/2/18
173,Alice,9/24/18
174,Kinsley,6/7/18
175,Hailey,5/5/17
176,Gabriella,10/31/19
177,Allison,11/22/19
178,Gianna,1/10/18
179,Serenity,3/25/19
180,Samantha,11/17/19
181,Sarah,4/26/19
182,Autumn,6/8/17
183,Quinn,10/23/19
184,Eva,5/17/19
185,Piper,4/21/19
186,Sophie,1/14/18
187,Sadie,11/16/19
188,Delilah,1/24/19
189,Josephine,4/12/17
190,Nevaeh,4/8/19
191,Adeline,6/7/19
192,Arya,1/17/18
193,Emery,7/21/19
194,Lydia,1/16/18
195,Clara,8/27/19
196,Vivian,1/15/18
197,Madeline,1/14/19
198,Peyton,5/22/19
199,Julia,11/26/19
200,Rylee,2/13/19